Column,Metafile heading,Metafile description,Methodology changes,Null field for special schools,Null field for local authority records,Null field for National (all schools) records,Null field for National (maintained schools) records
1,RECTYPE,Record type (1=mainstream school; 2=special school; 4=local authority; 5=National (all schools); 7=National (maintained schools)),,,,,
2,ALPHAIND,Alphabetic sorting index,,,Yes,Yes,Yes
3,LEA,Local authority code (see separate list of local authorities and their codes),,,,Yes,Yes
4,ESTAB,Establishment number,,,Yes,Yes,Yes
5,URN,School Unique Reference Number,,,Yes,Yes,Yes
6,SCHNAME,School name,,,Yes,Yes,Yes
7,SCHNAME_AC,School now known as (used if the school has converted to an academy on or after 12 Sept 2015),,,Yes,Yes,Yes
8,ADDRESS1,School address (1),,,Yes,Yes,Yes
9,ADDRESS2,School address (2),,,Yes,Yes,Yes
10,ADDRESS3,School address (3),,,Yes,Yes,Yes
11,TOWN,School town,,,Yes,Yes,Yes
12,PCODE,School postcode,,,Yes,Yes,Yes
13,TELNUM,School telephone number,,,Yes,Yes,Yes
14,CONTFLAG,Contingency flag - school results 'significantly affected'. This field is zero for all schools.,,,Yes,Yes,Yes
15,ICLOSE,Closed school flag (0=open; 1=closed),,,Yes,Yes,Yes
16,NFTYPE,School type (see separate list of abbreviations used in the tables),,,Yes,Yes,Yes
17,RELDENOM,School religious character,,,Yes,Yes,Yes
18,ADMPOL,School admissions policy (self-declared by schools on Edubase),,,Yes,Yes,Yes
19,ADMPOL_2017,School admissions policy as in KS4 SFR from 2017 onwards See 'abbrevations' document for more informaton.,,,Yes,Yes,Yes
20,EGENDER,School gender of entry,,,Yes,Yes,Yes
21,FEEDER,Indicates whether school is a feeder school for sixth form centre/consortia (0=No; 1=Yes),,,Yes,Yes,Yes
22,TABKS2,Indicates whether school is published in the primary school (key stage 2) performance tables (0=No; 1=Yes),,,Yes,Yes,Yes
23,TAB1618,Indicates whether school is published in the school and college (16-18) performance tables (0=No; 1=Yes),,,Yes,Yes,Yes
24,AGERANGE,Age range,,,Yes,Yes,Yes
25,CONFEXAM,Indicates whether the school has checked its results (R=No; blank=Yes),,,Yes,Yes,Yes
26,TOTPUPS,Number of pupils on roll (all ages),,,,,
27,NUMBOYS,Total boys on roll (including part-time pupils),,,,,
28,NUMGIRLS,Total girls on roll (including part-time pupils),,,,,
29,TPUP,Number of pupils at the end of key stage 4,,,,,
30,BPUP,Number of boys at the end of key stage 4,,,,,
31,PBPUP,Percentage of pupils at the end of key stage 4 who are boys,,,,,
32,GPUP,Number of girls at the end of key stage 4,,,,,
33,PGPUP,Percentage of pupils at the end key stage 4 who are girls,,,,,
34,KS2APS,Key stage 2 Average Points Score of the cohort at the end of key stage 4,,,,Yes,
35,TPRIORLO,Number of pupils at the end of key stage 4 with low prior attainment at the end of key stage 2,,,,Yes,
36,PTPRIORLO,Percentage of pupils at the end of key stage 4 with low prior attainment at the end of key stage 2,,,,Yes,
37,TPRIORAV,Number of pupils at the end of key stage 4 with middle prior attainment at the end of key stage 2,,,,Yes,
38,PTPRIORAV,Percentage of pupils at the end of key stage 4 with middle prior attainment at the end of key stage 2,,,,Yes,
39,TPRIORHI,Number of pupils at the end of key stage 4 with high prior attainment at the end of key stage 2,,,,Yes,
40,PTPRIORHI,Percentage of pupils at the end of key stage 4 with high prior attainment at the end of key stage 2,,,,Yes,
41,TFSM6CLA1A,Number of disadvantaged pupils at the end of key stage 4,,,,Yes,
42,PTFSM6CLA1A,Percentage of pupils at the end of key stage 4 who are disadvantaged,,,,Yes,
43,TNOTFSM6CLA1A,Number of non-disadvantaged pupils at the end of key stage 4,,,,Yes,
44,PTNOTFSM6CLA1A,Percentage of pupils at the end of key stage 4 who are not disadvantaged,,,,Yes,
45,TEALGRP2,Number of pupils at the end of key stage 4 with English as additional language (EAL),,,,Yes,
46,PTEALGRP2,Percentage of pupils at the end of key stage 4 with English as additional language (EAL),,,,Yes,
47,TEALGRP1,Number of pupils at the end of key stage 4 with English as their first language,,,,Yes,
48,PTEALGRP1,Percentage of pupils at the end of key stage 4 with English as their first language,,,,Yes,
49,TEALGRP3,Number of pupils at the end of key stage 4 whose first language is unclassified,,,,Yes,
50,PTEALGRP3,Percentage of pupils at the end of key stage 4 whose first language is unclassified,,,,Yes,
51,TNMOB,Number of pupils at the end of key stage 4 who are non-mobile,,,,Yes,
52,PTNMOB,Percentage of pupils at the end of key stage 4 who are non-mobile,,,,Yes,
53,SENSE4,"Number of pupils at the end of key stage 4 with special educational needs (SEN) with a statement or Education, health and care (EHC) plan",,Yes,,Yes,
54,PSENSE4,"Percentage of pupils at the end of key stage 4 with special educational needs (SEN) with a statement or Education, health and care (EHC) plan",,Yes,,Yes,
55,SENAPK4,"Number of pupils at the end of key stage 4 with special educational needs (SEN) without a statement or Education, health and care (EHC) plan",,Yes,,Yes,
56,PSENAPK4,"Percentage of pupils at the end of key stage 4 with special educational needs (SEN) without a statement or Education, health and care (EHC) plan",,Yes,,Yes,
57,TOTATT8,Total sum of Attainment 8 scores,,,,,
58,ATT8SCR,Average Attainment 8 score per pupil,,,,,
59,TOTATT8ENG,Total sum of Attainment 8 scores for English element,,,,,
60,ATT8SCRENG,Average Attainment 8 score per pupil for English element,,,,,
61,TOTATT8MAT,Total sum of Attainment 8 scores for mathematics element,,,,,
62,ATT8SCRMAT,Average Attainment 8 score per pupil for mathematics element,,,,,
63,TOTATT8EBAC,Total sum of Attainment 8 scores for EBacc element,,,,,
64,ATT8SCREBAC,Average Attainment 8 score per pupil for EBacc element,,,,,
65,TOTATT8OPEN,Total sum of Attainment 8 scores for open element,,,,,
66,ATT8SCROPEN,Average Attainment 8 score per pupil for open element,,,,,
67,TOTATT8OPENG,Total sum of Attainment 8 scores for open element - GCSE only,,,,,
68,ATT8SCROPENG,Average Attainment 8 score per pupil for open element - GCSE only,,,,,
69,TOTATT8OPENNG,Total sum of Attainment 8 scores for open element - non-GCSE only,,,,,
70,ATT8SCROPENNG,Average Attainment 8 score per pupil for open element - non-GCSE only,,,,,
71,AVGEBACFILL,Average number of EBacc slots filled in Attainment 8 per pupil,,,,,
72,AVGOPENFILL,Average number of Open slots filled in Attainment 8 per pupil,,,,,
73,P8PUP,Number of pupils included in Progress 8 measure,,,,Yes,
74,TP8ADJ,Number of pupils who have had P8 score adjusted in average,Yes - see 2018 methodology sheet for methodology change,,,Yes,
75,P8MEACOV,Percentage of pupils at the end of key stage 4 included in Progress 8 measure,,,,Yes,
76,P8MEA,Progress 8 measure after adjustment for extreme scores,Yes - see 2018 methodology sheet for methodology change,,,Yes,
77,P8CILOW,Progress 8 lower 95% confidence interval for adjusted average,Yes - see 2018 methodology sheet for methodology change,,,Yes,
78,P8CIUPP,Progress 8 upper 95% confidence interval for adjusted average,Yes - see 2018 methodology sheet for methodology change,,,Yes,
79,P8MEA_ORIG,Progress 8 measure based on unadjusted pupil scores,Yes - see 2018 methodology sheet for methodology change,,,Yes,
80,P8CILOW_ORIG,Progress 8 lower 95% confidence interval for unadjusted average,Yes - see 2018 methodology sheet for methodology change,,,Yes,
81,P8CIUPP_ORIG,Progress 8 upper 95% confidence interval for unadjusted average,Yes - see 2018 methodology sheet for methodology change,,,Yes,
82,P8MEAENG,Progress 8 measure for English element,,,,Yes,
83,P8MEAENG_CILOW,Lower 95% confidence interval for Progress 8 English element,,,,Yes,Yes
84,P8MEAENG_CIUPP,Upper 95% confidence interval for Progress 8 English element,,,,Yes,Yes
85,P8MEAMAT,Progress 8 measure for mathematics element,,,,Yes,
86,P8MEAMAT_CILOW,Lower 95% confidence interval for Progress 8 maths element,,,,Yes,Yes
87,P8MEAMAT_CIUPP,Upper 95% confidence interval for Progress 8 maths element,,,,Yes,Yes
88,P8MEAEBAC,Progress 8 measure for EBacc element,,,,Yes,
89,P8MEAEBAC_CILOW,Lower 95% confidence interval for Progress 8 EBacc element,,,,Yes,Yes
90,P8MEAEBAC_CIUPP,Upper 95% confidence interval for Progress 8 EBacc element,,,,Yes,Yes
91,P8MEAOPEN,Progress 8 measure for open element,,,,Yes,
92,P8MEAOPEN_CILOW,Lower 95% confidence interval for Progress 8 open element,,,,Yes,Yes
93,P8MEAOPEN_CIUPP,Upper 95% confidence interval for Progress 8 open element,,,,Yes,Yes
94,PTL2BASICS_94,% of pupils achieving standard 9-4 passes in both English and mathematics GCSEs ,Yes - see 2017 methodology sheet for methodology change,,,,
95,PTL2BASICS_95,% of pupils achieving strong 9-5 passes in both English and mathematics GCSEs ,Yes - see 2017 methodology sheet for methodology change,,,,
97,TOTEBACCAPS,Total EBacc APS score per pupil,,,,,
98,EBACCAPS,Average EBacc APS score per pupil,,,,,
99,EBACCAPS_FSM6CLA1A,Average EBacc APS score per disadvantaged pupil,,,,,
100,EBACCAPS_NFSM6CLA1A,Average EBacc APS score per non-disadvantaged pupil,,,,,
101,EBACCAPS_LO,Average EBacc APS score per pupil with low prior attainment,,,,,
102,EBACCAPS_AV,Average EBacc APS score per pupil with middle prior attainment,,,,,
103,EBACCAPS_HI,Average EBacc APS score per pupil with high prior attainment,,,,,
104,EBACCAPS_EAL,Average EBacc APS score per pupil for whom English is an additional language,,,,,
105,EBACCAPS_GIRLS,Average EBacc APS score per girl,,,,,
106,EBACCAPS_BOYS,Average EBacc APS score per boy,,,,,
107,EBACCAPS_NMOB,Average EBacc APS score per non-mobile pupil,,,,,
108,TEBACC_E_PTQ_EE,Number of key stage 4 pupils with entries in all English Baccalaureate subject areas,,,,,
109,PTEBACC_E_PTQ_EE,Percentage of key stage 4 pupils with entries in all English Baccalaureate subject areas,,,,,
110,PTEBACC_94,Percentage of pupils achieving the English Baccalaureate with 9-4/A*-C passes,Yes - see 2018 methodology sheet for methodology change,,,Yes,
111,PTEBACC_95,Percentage of pupils achieving the English Baccalaureate with 9-5 passes,Yes - see 2018 methodology sheet for methodology change,,,Yes,
112,TEBACENG_E_PTQ_EE,Number of pupils entering the English Baccalaureate English subject area,,,,,
113,PTEBACENG_E_PTQ_EE,Percentage of pupils entering the English Baccalaureate English subject area,,,,,
114,TEBACMAT_E_PTQ_EE,Number of pupils entering the English Baccalaureate Maths subject area,,,,,
115,PTEBACMAT_E_PTQ_EE,Percentage of pupils entering the English Baccalaureate Maths subject area,,,,,
116,TEBAC2SCI_E_PTQ_EE,Number of pupils entering the English Baccalaureate Science subject area,,,,,
117,PTEBAC2SCI_E_PTQ_EE,% of pupils entering the Ebacc Science subject area,,,,,
118,TEBACHUM_E_PTQ_EE,Number of pupils entering EBacc Humanities subject area,,,,,
119,PTEBACHUM_E_PTQ_EE,% of pupils entering the Ebacc Humanities subject area,,,,,
120,TEBACLAN_E_PTQ_EE,Number of pupils entering EBacc Language subject area,,,,,
121,PTEBACLAN_E_PTQ_EE,% of pupils entering the Ebacc Language subject area,,,,,
122,PTEBACENG_94,% of pupils achieving the EBacc English subject area with a standard 9-4 pass,Yes - see 2017 methodology sheet for methodology change,,,,
123,PTEBACENG_95,% of pupils achieving the EBacc English subject area with a strong 9-5 pass ,Yes - see 2017 methodology sheet for methodology change,,,,
124,PTEBACMAT_94, % of pupils achieving the EBacc Maths subject area with a standard 9-4 pass ,Yes - see 2017 methodology sheet for methodology change,,,,
125,PTEBACMAT_95, % of pupils achieving the EBacc Maths subject area with a strong 9-5 pass ,Yes - see 2017 methodology sheet for methodology change,,,,
126,PTEBAC2SCI_94, % of entered pupils achieving the EBacc Science subject area with a 9-4 pass,Yes - see 2018 methodology sheet for methodology change,,,,
127,PTEBAC2SCI_95, % of entered pupils achieving the EBacc Science subject area with a 9-5 pass,Yes - see 2018 methodology sheet for methodology change,,,,
128,PTEBACHUM_94, % of entered pupils achieving the EBacc Humanities subject area with a 9-4 pass,Yes - see 2018 methodology sheet for methodology change,,,,
129,PTEBACHUM_95, % of entered pupils achieving the EBacc Humanities subject area with a 9-5 pass,Yes - see 2018 methodology sheet for methodology change,,,,
130,PTEBACLAN_94, % of entered pupils achieving the EBacc Language subject area with a 9-4/A*-C pass,Yes - see 2018 methodology sheet for methodology change,,,,
131,PTEBACLAN_95, % of entered pupils achieving the EBacc Language subject area with a 9-5 pass,Yes - see 2018 methodology sheet for methodology change,,,,
132,SCIVACOV_PTQ_EE,Coverage of the English Baccalaureate Science Value Added indicators of those who entered for science,,,Yes,Yes,Yes
133,HUMVACOV_PTQ_EE,Coverage of the English Baccalaureate Humanities Value Added indicators of those who entered for humanities,,,Yes,Yes,Yes
134,LANVACOV_PTQ_EE,Coverage of the English Baccalaureate Language Value Added indicators of those who entered for languages,,,Yes,Yes,Yes
135,SCIVAMEA_PTQ_EE,English Baccalaureate Science Value Added measure,,,Yes,Yes,Yes
136,SCIVALOW_PTQ_EE,English Baccalaureate Science Value Added lower 95% confidence limit,,,Yes,Yes,Yes
137,SCIVAUPP_PTQ_EE,English Baccalaureate Science Value Added upper 95% confidence limit,,,Yes,Yes,Yes
138,HUMVAMEA_PTQ_EE,EBacc Humanities VA measure,,,,,
139,HUMVALOW_PTQ_EE,English Baccalaureate Humanities Value Added lower 95% confidence limit,,,Yes,Yes,Yes
140,HUMVAUPP_PTQ_EE,English Baccalaureate Humanities Value Added upper 95% confidence limit,,,Yes,Yes,Yes
141,LANVAMEA_PTQ_EE,English Baccalaureate Languages Value Added measure,,,Yes,Yes,Yes
142,LANVALOW_PTQ_EE,English Baccalaureate Languages Value Added lower 95% confidence limit,,,Yes,Yes,Yes
143,LANVAUPP_PTQ_EE,English Baccalaureate Languages Value Added upper 95% confidence limit,,,Yes,Yes,Yes
144,TEBACENG_94,Number of pupils achieving EBacc English subject area with a standard 9-4 pass ,Yes - see 2017 methodology sheet for methodology change,,,,
145,TEBACENG_95,Number of pupils achieving EBacc English subject area with a strong 9-5 pass ,Yes - see 2017 methodology sheet for methodology change,,,,
146,TEBACMAT_94,Number of pupils achieving EBacc Maths subject area with a standard 9-4 pass ,Yes - see 2017 methodology sheet for methodology change,,,,
147,TEBACMAT_95,Number of pupils achieving EBacc Maths subject area with a strong 9-5 pass ,Yes - see 2017 methodology sheet for methodology change,,,,
148,TEBAC2SCI_94,Number of pupils achieving EBacc Science subject area with a 9-4 pass,Yes - see 2018 methodology sheet for methodology change,,,,
149,TEBAC2SCI_95,Number of pupils achieving EBacc Science subject area with a 9-5 pass,Yes - see 2018 methodology sheet for methodology change,,,,
150,TEBACHUM_94,Number of pupils achieving EBacc Humanities subject area with a 9-4 pass,Yes - see 2018 methodology sheet for methodology change,,,,
151,TEBACHUM_95,Number of pupils achieving EBacc Humanities subject area with a 9-5 pass,Yes - see 2018 methodology sheet for methodology change,,,,
152,TEBACLAN_94,Number of pupils achieving EBacc Language subject area with a 9-4/A*-C pass,Yes - see 2018 methodology sheet for methodology change,,,,
153,TEBACLAN_95,Number of pupils achieving EBacc Language subject area with a 9-5 pass,Yes - see 2018 methodology sheet for methodology change,,,,
154,TEBACC91,Number of pupils achieving the English Baccalaureate at grades 9-1,,,,,
155,PTEBACC91, % of pupils achieving the English Baccalaureate at grades 9-1 ,,,,,
156,TEBACENG91,Number of pupils achieving EBacc English subject area at grade 9-1,,,,,
157,PTEBACENG91,% of pupils achieving the EBacc English subject area at grade 9-1,,,,,
158,TEBACMAT91,Number of pupils achieving EBacc Maths subject area at grade 9-1,,,,,
159,PTEBACMAT91, % of pupils achieving the EBacc Maths subject area at grade 9-1,,,,,
160,TEBAC2SCI91,Number of pupils achieving EBacc Science subject area with grades 9-1,Yes - see 2018 methodology sheet for methodology change,,,,
161,PTEBAC2SCI91, % entered pupils achieving the EBacc Science subject area with grades 9-1,Yes - see 2018 methodology sheet for methodology change,,,,
162,TEBACHUM91,Number of pupils achieving EBacc Humanities subject area with grades 9-1,Yes - see 2018 methodology sheet for methodology change,,,,
163,PTEBACHUM91, % entered pupils achieving the EBacc Humanities subject area with grades 9-1,Yes - see 2018 methodology sheet for methodology change,,,,
164,TEBACLAN91,Number of pupils achieving EBacc Language subject area with grades 9-1,Yes - see 2018 methodology sheet for methodology change,,,,
165,PTEBACLAN91, % of entered pupils achieving the EBacc Language subject area with grades 9-1,Yes - see 2018 methodology sheet for methodology change,,,,
166,ATT8SCR_FSM6CLA1A,Average Attainment 8 score per disadvantaged pupil,,,,Yes,
167,P8PUP_FSM6CLA1A,Number of disadvantaged pupils in Progress 8 measure,,,,Yes,
168,TP8ADJ_FSM6CLA1A,Number of disadvantaged pupils in progress measure with adjusted scores,Yes - see 2018 methodology sheet for methodology change,,,Yes,
169,P8MEA_FSM6CLA1A,Adjusted Progress 8 measure - disadvantaged pupils,Yes - see 2018 methodology sheet for methodology change,,,Yes,
170,P8CILOW_FSM6CLA1A,Adjusted Progress 8 lower 95% confidence interval - disadvantaged pupils,Yes - see 2018 methodology sheet for methodology change,,,Yes,
171,P8CIUPP_FSM6CLA1A,Adjusted Progress 8 upper 95% confidence interval - disadvantaged pupils,Yes - see 2018 methodology sheet for methodology change,,,Yes,
172,P8MEA_FSM6CLA1A_ORIG,Unadjusted Progress 8 measure - disadvantaged pupils,Yes - see 2018 methodology sheet for methodology change,,,Yes,
173,P8CILOW_FSM6CLA1A_ORIG,Unadjusted Progress 8 lower 95% confidence interval - disadvantaged pupils,Yes - see 2018 methodology sheet for methodology change,,,Yes,
174,P8CIUPP_FSM6CLA1A_ORIG,Unadjusted Progress 8 upper 95% confidence interval - disadvantaged pupils,Yes - see 2018 methodology sheet for methodology change,,,Yes,
175,ATT8SCR_NFSM6CLA1A,Average Attainment 8 score per non-disadvantaged pupil,,,,Yes,
176,P8PUP_NFSM6CLA1A,Number of non-disadvantaged pupils in Progress 8 measure,,,,Yes,
177,TP8ADJ_NFSM6CLA1A,Number of non-disadvantaged pupils in progress measure with adjusted scores,Yes - see 2018 methodology sheet for methodology change,,,Yes,
178,P8MEA_NFSM6CLA1A,Adjusted Progress 8 measure - non-disadvantaged pupils,Yes - see 2018 methodology sheet for methodology change,,,Yes,
179,P8CILOW_NFSM6CLA1A,Progress 8 lower 95% confidence interval - non-disadvantaged pupils,Yes - see 2018 methodology sheet for methodology change,,,Yes,
180,P8CIUPP_NFSM6CLA1A,Progress 8 upper 95% confidence interval - non-disadvantaged pupils,Yes - see 2018 methodology sheet for methodology change,,,Yes,
181,P8MEA_NFSM6CLA1A_ORIG,Unadjusted Progress 8 measure - non-disadvantaged pupils,Yes - see 2018 methodology sheet for methodology change,,,Yes,
182,P8CILOW_NFSM6CLA1A_ORIG,Unadjusted Progress 8 lower 95% confidence interval - non-disadvantaged pupils,Yes - see 2018 methodology sheet for methodology change,,,Yes,
183,P8CIUPP_NFSM6CLA1A_ORIG,Unadjusted Progress 8 upper 95% confidence interval - non-disadvantaged pupils,Yes - see 2018 methodology sheet for methodology change,,,Yes,
184,ATT8SCRENG_FSM6CLA1A,Average Attainment 8 score per disadvantaged pupil for English element,,,,Yes,
185,P8MEAENG_FSM6CLA1A,Progress 8 measure for English element - disadvantaged pupils,,,,Yes,
186,P8MEAENG_CILOW_FSM6CLA1A,Lower 95% confidence interval for Progress 8 English element for disadvantaged pupils,,,,Yes,
187,P8MEAENG_CIUPP_FSM6CLA1A,Upper 95% confidence interval for Progress 8 English element for disadvantaged pupils,,,,Yes,
188,ATT8SCRMAT_FSM6CLA1A,Average Attainment 8 score per disadvantaged pupil for mathematics element,,,,Yes,
189,P8MEAMAT_FSM6CLA1A,Progress 8 measure for maths element - disadvantaged pupils,,,,Yes,
190,P8MEAMAT_CILOW_FSM6CLA1A,Lower 95% confidence interval for Progress 8 maths element for disadvantaged pupils,,,,Yes,
191,P8MEAMAT_CIUPP_FSM6CLA1A,Upper 95% confidence interval for Progress 8 maths element for disadvantaged pupils,,,,Yes,
192,ATT8SCREBAC_FSM6CLA1A,Average Attainment 8 score per disadvantaged pupil for EBacc element,,,,Yes,
193,P8MEAEBAC_FSM6CLA1A,Progress 8 measure for EBacc element - disadvantaged pupils,,,,Yes,
194,P8MEAEBAC_CILOW_FSM6CLA1A,Lower 95% confidence interval for Progress 8 EBacc element for disadvantaged pupils,,,,Yes,
195,P8MEAEBAC_CIUPP_FSM6CLA1A,Upper 95% confidence interval for Progress 8 EBacc element for disadvantaged pupils,,,,Yes,
196,ATT8SCROPEN_FSM6CLA1A,Average Attainment 8 score per disadvantaged pupil for open element,,,,Yes,
197,P8MEAOPEN_FSM6CLA1A,Progress 8 measure for open element - disadvantaged pupils,,,,Yes,
198,P8MEAOPEN_CILOW_FSM6CLA1A,Lower 95% confidence interval for Progress 8 open element for disadvantaged pupils,,,,Yes,
199,P8MEAOPEN_CIUPP_FSM6CLA1A,Upper 95% confidence interval for Progress 8 open element for disadvantaged pupils,,,,Yes,
200,ATT8SCRENG_NFSM6CLA1A,Average Attainment 8 score per non-disadvantaged pupil for English element,,,,Yes,
201,P8MEAENG_NFSM6CLA1A,Progress 8 measure for English element - non-disadvantaged pupils,,,,Yes,
202,P8MEAENG_CILOW_NFSM6CLA1A,Lower 95% confidence interval for Progress 8 English element for non-disadvantaged pupils,,,,Yes,
203,P8MEAENG_CIUPP_NFSM6CLA1A,Upper 95% confidence interval for Progress 8 English element for non-disadvantaged pupils,,,,Yes,
204,ATT8SCRMAT_NFSM6CLA1A,Average Attainment 8 score per non-disadvantaged pupil for mathematics element,,,,Yes,
205,P8MEAMAT_NFSM6CLA1A,Progress 8 measure for maths element - non-disadvantaged pupils,,,,Yes,
206,P8MEAMAT_CILOW_NFSM6CLA1A,Lower 95% confidence interval for Progress 8 maths element for non-disadvantaged pupils,,,,Yes,
207,P8MEAMAT_CIUPP_NFSM6CLA1A,Upper 95% confidence interval for Progress 8 maths element for non-disadvantaged pupils,,,,Yes,
208,ATT8SCREBAC_NFSM6CLA1A,Average Attainment 8 score per non-disadvantaged pupil for EBacc element,,,,Yes,
209,P8MEAEBAC_NFSM6CLA1A,Progress 8 measure for EBacc element - non-disadvantaged pupils,,,,Yes,
210,P8MEAEBAC_CILOW_NFSM6CLA1A,Lower 95% confidence interval for Progress 8 EBacc element for non-disadvantaged pupils,,,,Yes,
211,P8MEAEBAC_CIUPP_NFSM6CLA1A,Upper 95% confidence interval for Progress 8 EBacc element for non-disadvantaged pupils,,,,Yes,
212,ATT8SCROPEN_NFSM6CLA1A,Average Attainment 8 score per non-disadvantaged pupil for open element,,,,Yes,
213,P8MEAOPEN_NFSM6CLA1A,Progress 8 measure for open element - non-disadvantaged pupils,,,,Yes,
214,P8MEAOPEN_CILOW_NFSM6CLA1A,Lower 95% confidence interval for Progress 8 open element for non-disadvantaged pupils,,,,Yes,
215,P8MEAOPEN_CIUPP_NFSM6CLA1A,Upper 95% confidence interval for Progress 8 open element for non-disadvantaged pupils,,,,Yes,
216,ATT8SCROPENG_FSM6CLA1A,Average Attainment 8 score per disadvantaged pupil for open element - GCSE only,,,,Yes,
217,ATT8SCROPENNG_FSM6CLA1A,Average Attainment 8 score per disadvantaged pupil for open element - non-GCSE only,,,,Yes,
218,ATT8SCROPENG_NFSM6CLA1A,Average Attainment 8 score per non-disadvantaged pupil for open element - GCSE only,,,,Yes,
219,ATT8SCROPENNG_NFSM6CLA1A,Average Attainment 8 score per non-disadvantaged pupil for open element - non-GCSE only,,,,Yes,
220,DIFFN_ATT8,Difference between Attainment 8 for disadvantaged pupils in school/LA and non-disadvantaged pupils nationally,,,,Yes,Yes
221,DIFFN_P8MEA,Difference between Progress 8 measure for disadvantaged pupils in school/LA and non-disadvantaged pupils nationally,,,,Yes,Yes
222,ATT8SCR_LO,Average Attainment 8 score per pupil with low prior attainment,,,,Yes,
223,P8PUP_LO,Number of pupils with low prior attainment included in Progress 8 measure,,,,Yes,
224,TP8ADJ_LO,Number of pupils with low prior attainments in progress measure with adjusted scores,Yes - see 2018 methodology sheet for methodology change,,,Yes,
225,P8MEA_LO,Adjusted Progress 8 measure - pupils with low prior attainments,Yes - see 2018 methodology sheet for methodology change,,,Yes,
226,P8CILOW_LO,Adjusted Progress 8 lower 95% confidence interval - pupils with low prior attainments,Yes - see 2018 methodology sheet for methodology change,,,Yes,
227,P8CIUPP_LO,Adjusted Progress 8 upper 95% confidence interval - pupils with low prior attainments,Yes - see 2018 methodology sheet for methodology change,,,Yes,
228,P8MEA_LO_ORIG,Unadjusted Progress 8 measure - pupils with low prior attainments,Yes - see 2018 methodology sheet for methodology change,,,Yes,
229,P8CILOW_LO_ORIG,Unadjusted Progress 8 lower 95% confidence interval - pupils with low prior attainments,Yes - see 2018 methodology sheet for methodology change,,,Yes,
230,P8CIUPP_LO_ORIG,Unadjusted Progress 8 upper 95% confidence interval - pupils with low prior attainments,Yes - see 2018 methodology sheet for methodology change,,,Yes,
231,ATT8SCR_AV,Average Attainment 8 score per pupil with middle prior attainment,,,,Yes,
232,P8PUP_AV,Number of pupils with middle prior attainment included in Progress 8 measure,,,,Yes,
233,TP8ADJ_AV,Number of pupils with middle prior attainments in progress measure with adjusted scores,Yes - see 2018 methodology sheet for methodology change,,,Yes,
234,P8MEA_AV,Adjusted Progress 8 measure - pupils with middle prior attainment,Yes - see 2018 methodology sheet for methodology change,,,Yes,
235,P8CILOW_AV,Progress 8 lower 95% confidence interval - pupils with middle prior attainment,Yes - see 2018 methodology sheet for methodology change,,,Yes,
236,P8CIUPP_AV,Progress 8 upper 95% confidence interval - pupils with middle prior attainment,Yes - see 2018 methodology sheet for methodology change,,,Yes,
237,P8MEA_AV_ORIG,Unadjusted Progress 8 measure - pupils with middle prior attainments,Yes - see 2018 methodology sheet for methodology change,,,Yes,
238,P8CILOW_AV_ORIG,Unadjusted Progress 8 lower 95% confidence interval - pupils with middle prior attainments,Yes - see 2018 methodology sheet for methodology change,,,Yes,
239,P8CIUPP_AV_ORIG,Unadjusted Progress 8 upper 95% confidence interval - pupils with middle prior attainments,Yes - see 2018 methodology sheet for methodology change,,,Yes,
240,ATT8SCR_HI,Average Attainment 8 score per pupil with high prior attainment,,,,Yes,
241,P8PUP_HI,Number of pupils with high prior attainment included in Progress 8 measure,,,,Yes,
242,TP8ADJ_HI,Number of pupils with high prior attainments in progress measure with adjusted scores,Yes - see 2018 methodology sheet for methodology change,,,Yes,
243,P8MEA_HI,Adjusted Progress 8 measure - pupils with high prior attainment,Yes - see 2018 methodology sheet for methodology change,,,Yes,
244,P8CILOW_HI,Progress 8 lower 95% confidence interval - pupils with high prior attainment,Yes - see 2018 methodology sheet for methodology change,,,Yes,
245,P8CIUPP_HI,Progress 8 upper 95% confidence interval - pupils with high prior attainment,Yes - see 2018 methodology sheet for methodology change,,,Yes,
246,P8MEA_HI_ORIG,Unadjusted Progress 8 measure - pupils with high prior attainments,Yes - see 2018 methodology sheet for methodology change,,,Yes,
247,P8CILOW_HI_ORIG,Unadjusted Progress 8 lower 95% confidence interval - pupils with high prior attainments,Yes - see 2018 methodology sheet for methodology change,,,Yes,
248,P8CIUPP_HI_ORIG,Unadjusted Progress 8 upper 95% confidence interval - pupils with high prior attainments,Yes - see 2018 methodology sheet for methodology change,,,Yes,
249,ATT8SCR_EAL,Average Attainment 8 score per pupil for whom English is an additional language,,,,Yes,
250,ATT8SCRENG_EAL,Average Attainment 8 score per pupil for whom English is an additional language for English element,Yes - see 2018 methodology sheet for methodology change,,,Yes,
251,ATT8SCRMAT_EAL,Average Attainment 8 score per pupil for whom English is an additional language for mathematics element,Yes - see 2018 methodology sheet for methodology change,,,Yes,
252,ATT8SCREBAC_EAL,Average Attainment 8 score per pupil for whom English is an additional language for EBacc element,Yes - see 2018 methodology sheet for methodology change,,,Yes,
253,ATT8SCROPEN_EAL,Average Attainment 8 score per pupil for whom English is an additional language for open element,Yes - see 2018 methodology sheet for methodology change,,,Yes,
254,ATT8SCROPENG_EAL,Average Attainment 8 score per pupil for whom English is an additional language - GCSE only,Yes - see 2018 methodology sheet for methodology change,,,Yes,
255,ATT8SCROPENNG_EAL,Average Attainment 8 score per pupil for whom English is an additional language - non-GCSE only,Yes - see 2018 methodology sheet for methodology change,,,Yes,
256,P8PUP_EAL,Number of pupils for whom English is an additional language included in Progress 8 measure,,,,Yes,
257,TP8ADJ_EAL,Number of pupils for whom English is an additional language in progress measure with adjusted scores,Yes - see 2018 methodology sheet for methodology change,,,Yes,
258,P8MEA_EAL,Adjusted Progress 8 measure - pupils for whom English is an additional language,Yes - see 2018 methodology sheet for methodology change,,,Yes,
259,P8CILOW_EAL,Adjusted Progress 8 lower 95% confidence interval - pupils for whom English is an additional language,Yes - see 2018 methodology sheet for methodology change,,,Yes,
260,P8CIUPP_EAL,Adjusted Progress 8 upper 95% confidence interval - pupils for whom English is an additional language,Yes - see 2018 methodology sheet for methodology change,,,Yes,
261,P8MEA_EAL_ORIG,Unadjusted Progress 8 measure - pupils for whom English is an additional language,Yes - see 2018 methodology sheet for methodology change,,,Yes,
262,P8CILOW_EAL_ORIG,Unadjusted Progress 8 lower 95% confidence interval - pupils for whom English is an additional language,Yes - see 2018 methodology sheet for methodology change,,,Yes,
263,P8CIUPP_EAL_ORIG,Unadjusted Progress 8 upper 95% confidence interval - pupils for whom English is an additional language,Yes - see 2018 methodology sheet for methodology change,,,Yes,
264,ATT8SCR_GIRLS,Average Attainment 8 score per girl,,,,,
265,ATT8SCRENG_GIRLS,Average Attainment 8 score per girl for English element,Yes - see 2018 methodology sheet for methodology change,,,Yes,
266,ATT8SCRMAT_GIRLS,Average Attainment 8 score per girl for mathematics element,Yes - see 2018 methodology sheet for methodology change,,,Yes,
267,ATT8SCREBAC_GIRLS,Average Attainment 8 score per girl for EBacc element,Yes - see 2018 methodology sheet for methodology change,,,Yes,
268,ATT8SCROPEN_GIRLS,Average Attainment 8 score per girl for open element,Yes - see 2018 methodology sheet for methodology change,,,Yes,
269,ATT8SCROPENG_GIRLS,Average Attainment 8 score per girl - GCSE only,Yes - see 2018 methodology sheet for methodology change,,,Yes,
270,ATT8SCROPENNG_GIRLS,Average Attainment 8 score per girl - non-GCSE only,Yes - see 2018 methodology sheet for methodology change,,,Yes,
271,P8PUP_GIRLS,Number of girls included in Progress 8 measure,,,,Yes,
272,TP8ADJ_GIRLS,Number of girls in progress measure with adjusted scores,Yes - see 2018 methodology sheet for methodology change,,,Yes,
273,P8MEA_GIRLS,Adjusted Progress 8 measure - girls,Yes - see 2018 methodology sheet for methodology change,,,Yes,
274,P8CILOW_GIRLS,Adjusted Progress 8 lower 95% confidence interval - girls,Yes - see 2018 methodology sheet for methodology change,,,Yes,
275,P8CIUPP_GIRLS,Adjusted Progress 8 upper 95% confidence interval - girls,Yes - see 2018 methodology sheet for methodology change,,,Yes,
276,P8MEA_GIRLS_ORIG,Unadjusted Progress 8 measure - girls,Yes - see 2018 methodology sheet for methodology change,,,Yes,
277,P8CILOW_GIRLS_ORIG,Unadjusted Progress 8 lower 95% confidence interval - girls,Yes - see 2018 methodology sheet for methodology change,,,Yes,
278,P8CIUPP_GIRLS_ORIG,Unadjusted Progress 8 upper 95% confidence interval - girls,Yes - see 2018 methodology sheet for methodology change,,,Yes,
279,ATT8SCR_BOYS,Average Attainment 8 score per boy,,,,,
280,ATT8SCRENG_BOYS,Average Attainment 8 score per boy for English element,Yes - see 2018 methodology sheet for methodology change,,,Yes,
281,ATT8SCRMAT_BOYS,Average Attainment 8 score per boy for mathematics element,Yes - see 2018 methodology sheet for methodology change,,,Yes,
282,ATT8SCREBAC_BOYS,Average Attainment 8 score per boy for EBacc element,Yes - see 2018 methodology sheet for methodology change,,,Yes,
283,ATT8SCROPEN_BOYS,Average Attainment 8 score per boy for open element,Yes - see 2018 methodology sheet for methodology change,,,Yes,
284,ATT8SCROPENG_BOYS,Average Attainment 8 score per boy - GCSE only,Yes - see 2018 methodology sheet for methodology change,,,Yes,
285,ATT8SCROPENNG_BOYS,Average Attainment 8 score per boy - non-GCSE only,Yes - see 2018 methodology sheet for methodology change,,,Yes,
286,P8PUP_BOYS,Number of boys included in Progress 8 measure,,,,Yes,
287,TP8ADJ_BOYS,Number of boys in progress measure with adjusted scores,Yes - see 2018 methodology sheet for methodology change,,,Yes,
288,P8MEA_BOYS,Adjusted Progress 8 measure - boys,Yes - see 2018 methodology sheet for methodology change,,,Yes,
289,P8CILOW_BOYS,Adjusted Progress 8 lower 95% confidence interval - boys,Yes - see 2018 methodology sheet for methodology change,,,Yes,
290,P8CIUPP_BOYS,Adjusted Progress 8 upper 95% confidence interval - boys,Yes - see 2018 methodology sheet for methodology change,,,Yes,
291,P8MEA_BOYS_ORIG,Unadjusted Progress 8 measure - boys,Yes - see 2018 methodology sheet for methodology change,,,Yes,
292,P8CILOW_BOYS_ORIG,Unadjusted Progress 8 lower 95% confidence interval - boys,Yes - see 2018 methodology sheet for methodology change,,,Yes,
293,P8CIUPP_BOYS_ORIG,Unadjusted Progress 8 upper 95% confidence interval - boys,Yes - see 2018 methodology sheet for methodology change,,,Yes,
294,ATT8SCR_NMOB,Average Attainment 8 score per non-mobile pupil,,,,Yes,
295,ATT8SCRENG_NMOB,Average Attainment 8 score per non-mobile pupil for English element,Yes - see 2018 methodology sheet for methodology change,,,Yes,
296,ATT8SCRMAT_NMOB,Average Attainment 8 score per non-mobile pupil for mathematics element,Yes - see 2018 methodology sheet for methodology change,,,Yes,
297,ATT8SCREBAC_NMOB,Average Attainment 8 score per non-mobile pupil for EBacc element,Yes - see 2018 methodology sheet for methodology change,,,Yes,
298,ATT8SCROPEN_NMOB,Average Attainment 8 score per non-mobile pupil for open element,Yes - see 2018 methodology sheet for methodology change,,,Yes,
299,ATT8SCROPENG_NMOB,Average Attainment 8 score per non-mobile pupil - GCSE only,Yes - see 2018 methodology sheet for methodology change,,,Yes,
300,ATT8SCROPENNG_NMOB,Average Attainment 8 score per non-mobile pupil - non-GCSE only,Yes - see 2018 methodology sheet for methodology change,,,Yes,
301,P8PUP_NMOB,Number of non-mobile pupils included in Progress 8 measure,,,,Yes,
302,TP8ADJ_NMOB,Number of non-mobile pupils in progress measure with adjusted scores,Yes - see 2018 methodology sheet for methodology change,,,,
303,P8MEA_NMOB,Adjusted Progress 8 measure - non-mobile pupils,Yes - see 2018 methodology sheet for methodology change,,,Yes,
304,P8CILOW_NMOB,Adjusted Progress 8 lower 95% confidence interval - non-mobile pupils,Yes - see 2018 methodology sheet for methodology change,,,Yes,
305,P8CIUPP_NMOB,Adjusted Progress 8 upper 95% confidence interval - non-mobile pupils,Yes - see 2018 methodology sheet for methodology change,,,Yes,
306,P8MEA_NMOB_ORIG,Unadjusted Progress 8 measure - non-mobile pupils,Yes - see 2018 methodology sheet for methodology change,,,Yes,
307,P8CILOW_NMOB_ORIG,Unadjusted Progress 8 lower 95% confidence interval - non-mobile pupils,Yes - see 2018 methodology sheet for methodology change,,,Yes,
308,P8CIUPP_NMOB_ORIG,Unadjusted Progress 8 upper 95% confidence interval - non-mobile pupils,Yes - see 2018 methodology sheet for methodology change,,,Yes,
309,ATT8SCR_16,Average Attainment 8 score per pupil  - 2016,,,,,
310,P8PUP_16,Number of pupils in progress measure - 2016,,,,,
311,P8MEA_16,Progress 8 measure - 2016,,,,,
312,P8CILOW_16,Progress 8 lower 95% confidence interval - 2016,,,,,
313,P8CIUPP_16,Progress 8 upper 95% confidence interval - 2016,,,,,
314,ATT8SCR_FSM6CLA1A_16,Average Attainment 8 score per disadvantaged pupil - 2016,,,,,
315,P8PUP_FSM6CLA1A_16,Number of disadvantaged pupils in progress measure - 2016,,,,,
316,P8MEA_FSM6CLA1A_16,Progress 8 measure - disadvantaged pupils - 2016,,,,,
317,P8CILOW_FSM6CLA1A_16,Progress 8 lower 95% confidence interval - disadvantaged pupils - 2016,,,,,
318,P8CIUPP_FSM6CLA1A_16,Progress 8 upper 95% confidence interval - disadvantaged pupils - 2016,,,,,
319,ATT8SCR_NFSM6CLA1A_16,Average Attainment 8 score per non-disadvantaged pupil -  - 2016,,,,,
320,P8PUP_NFSM6CLA1A_16,Number of non-disadvantaged pupils in progress measure -  2016,,,,,
321,P8MEA_NFSM6CLA1A_16,Progress 8 measure - non-disadvantaged pupils  - 2016,,,,,
322,P8CILOW_NFSM6CLA1A_16,Progress 8 lower 95% confidence interval - non-disadvantaged pupils - 2016,,,,,
323,P8CIUPP_NFSM6CLA1A_16,Progress 8 upper 95% confidence interval - non-disadvantaged pupils - 2016,,,,,
324,ATT8SCR_17,Average Attainment 8 score per pupil  - 2017,Yes - see 2018 methodology sheet for methodology change,,,Yes,
325,P8PUP_17,Number of pupils in progress measure - 2017,Yes - see 2018 methodology sheet for methodology change,,,Yes,
326,P8MEA_17,Progress 8 measure - 2017,Yes - see 2018 methodology sheet for methodology change,,,Yes,
327,P8CILOW_17,Progress 8 lower 95% confidence interval - 2017,Yes - see 2018 methodology sheet for methodology change,,,Yes,
328,P8CIUPP_17,Progress 8 upper 95% confidence interval - 2017,Yes - see 2018 methodology sheet for methodology change,,,Yes,
329,ATT8SCR_FSM6CLA1A_17,Average Attainment 8 score per disadvantaged pupil - 2017,Yes - see 2018 methodology sheet for methodology change,,,Yes,
330,P8PUP_FSM6CLA1A_17,Number of disadvantaged pupils in progress measure - 2017,Yes - see 2018 methodology sheet for methodology change,,,Yes,
331,P8MEA_FSM6CLA1A_17,Progress 8 measure - disadvantaged pupils - 2017,Yes - see 2018 methodology sheet for methodology change,,,Yes,
332,P8CILOW_FSM6CLA1A_17,Progress 8 lower 95% confidence interval - disadvantaged pupils - 2017,Yes - see 2018 methodology sheet for methodology change,,,Yes,
333,P8CIUPP_FSM6CLA1A_17,Progress 8 upper 95% confidence interval - disadvantaged pupils - 2017,Yes - see 2018 methodology sheet for methodology change,,,Yes,
334,ATT8SCR_NFSM6CLA1A_17,Average Attainment 8 score per non-disadvantaged pupil -  - 2017,Yes - see 2018 methodology sheet for methodology change,,,Yes,
335,P8PUP_NFSM6CLA1A_17,Number of non-disadvantaged pupils in progress measure -  2017,Yes - see 2018 methodology sheet for methodology change,,,Yes,
336,P8MEA_NFSM6CLA1A_17,Progress 8 measure - non-disadvantaged pupils  - 2017,Yes - see 2018 methodology sheet for methodology change,,,Yes,
337,P8CILOW_NFSM6CLA1A_17,Progress 8 lower 95% confidence interval - non-disadvantaged pupils - 2017,Yes - see 2018 methodology sheet for methodology change,,,Yes,
338,P8CIUPP_NFSM6CLA1A_17,Progress 8 upper 95% confidence interval - non-disadvantaged pupils - 2017,Yes - see 2018 methodology sheet for methodology change,,,Yes,
339,TEBACC_ELO_PTQ_EE,Number of pupils in low prior attainment band with entries in all EBacc subject areas ,,,,Yes,
340,PTEBACC_ELO_PTQ_EE,EBacc entered % by low prior attainment,,,,Yes,
341,PTEBACCLO_94,EBacc achieved % by low prior attainment - with standard 9-4 passes in English and maths ,Yes - see 2018 methodology sheet for methodology change,,,Yes,
342,PTEBACCLO_95,EBacc achieved % by low prior attainment - with 9-5 passes,Yes - see 2018 methodology sheet for methodology change,,,Yes,
343,TEBACC_EAV_PTQ_EE,Number of pupils in middle prior attainment band with entries in all EBacc subject areas ,,,,Yes,
344,PTEBACC_EAV_PTQ_EE,EBacc entered % by middle prior attainment,,,,Yes,
345,PTEBACCAV_94,EBacc achieved % by middle prior attainment - with 9-4/A*-C passes,Yes - see 2018 methodology sheet for methodology change,,,Yes,
346,PTEBACCAV_95,EBacc achieved % by middle prior attainment - with 9-5 passes,Yes - see 2018 methodology sheet for methodology change,,,Yes,
347,TEBACC_EHI_PTQ_EE,Number of pupils in high prior attainment band with entries in all EBacc subject areas ,,,,Yes,
348,PTEBACC_EHI_PTQ_EE,EBacc entered % by high prior attainment,,,,Yes,
349,PTEBACCHI_94,EBacc achieved % by high prior attainment - with 9-4/A*-C passes,Yes - see 2018 methodology sheet for methodology change,,,Yes,
350,PTEBACCHI_95,EBacc achieved % by high prior attainment - with 9-5 passes,Yes - see 2018 methodology sheet for methodology change,,,Yes,
351,PTEBACC_EFSM6CLA1A_PTQ_EE,% of disadvantaged pupils entering all English Baccalaureate subject areas,,,,Yes,
352,PTEBACC_ENFSM6CLA1A_PTQ_EE, % of non-disadvantaged pupils entering all English Baccalaureate subject areas,,,,Yes,
353,PTEBACC_94_FSM6CLA1A, % of disadvantaged pupils achieving the English Baccalaureate - with 9-4/A*-C passes,Yes - see 2018 methodology sheet for methodology change,,,Yes,
354,PTEBACC_95_FSM6CLA1A, % of disadvantaged pupils achieving the English Baccalaureate - with 9-5 passes,Yes - see 2018 methodology sheet for methodology change,,,Yes,
355,PTEBACC_94_NFSM6CLA1A, % of non-disadvantaged pupils achieving the English Baccalaureate - with 9-4/A*-C passes,Yes - see 2018 methodology sheet for methodology change,,,Yes,
356,PTEBACC_95_NFSM6CLA1A, % of non-disadvantaged pupils achieving the English Baccalaureate - with 9-5 passes,Yes - see 2018 methodology sheet for methodology change,,,Yes,
357,SCIVAMEA_LO_PTQ_EE,English Baccalaureate Science Value Added measure for pupils with low prior attainment,,,Yes,Yes,
358,SCIVAMEA_AV_PTQ_EE,English Baccalaureate Science Value Added measure for pupils with middle prior attainment,,,Yes,Yes,
359,SCIVAMEA_HI_PTQ_EE,English Baccalaureate Science Value Added measure for pupils with high prior attainment,,,Yes,Yes,
360,SCIVAMEA_FSM6CLA1A_PTQ_EE,English Baccalaureate Science Value Added measure for disadvantaged pupils,,,Yes,Yes,
361,SCIVAMEA_NFSM6CLA1A_PTQ_EE,English Baccalaureate Science Value Added measure for non-disadvantaged pupils,,,Yes,Yes,
362,HUMVAMEA_LO_PTQ_EE,English Baccalaureate Humanities Value Added measure for pupils with low prior attainment,,,Yes,Yes,
363,HUMVAMEA_AV_PTQ_EE,English Baccalaureate Humanities Value Added measure for pupils with middle prior attainment,,,Yes,Yes,
364,HUMVAMEA_HI_PTQ_EE,English Baccalaureate Humanities Value Added measure for pupils with high prior attainment,,,Yes,Yes,
365,HUMVAMEA_FSM6CLA1A_PTQ_EE,English Baccalaureate Humanities Value Added measure for disadvantaged pupils,,,Yes,Yes,
366,HUMVAMEA_NFSM6CLA1A_PTQ_EE,English Baccalaureate Humanities Value Added measure for non-disadvantaged pupils,,,Yes,Yes,
367,LANVAMEA_LO_PTQ_EE,English Baccalaureate Languages Value Added measure for pupils with low prior attainment,,,Yes,Yes,
368,LANVAMEA_AV_PTQ_EE,English Baccalaureate Languages Value Added measure for pupils with middle prior attainment,,,Yes,Yes,
369,LANVAMEA_HI_PTQ_EE,English Baccalaureate Languages Value Added measure for pupils with high prior attainment,,,Yes,Yes,
370,LANVAMEA_FSM6CLA1A_PTQ_EE,English Baccalaureate Languages Value Added measure for disadvantaged pupils,,,Yes,Yes,
371,LANVAMEA_NFSM6CLA1A_PTQ_EE,English Baccalaureate Languages Value Added measure for non-disadvantaged pupils,,,Yes,Yes,
372,SCIVAUPP_FSM6CLA1A_PTQ_EE,Upper 95% confidence limit for English Baccalaureate Science Value Added measure for disadvantaged pupils,,,Yes,Yes,Yes
373,SCIVALOW_FSM6CLA1A_PTQ_EE,Lower 95% confidence limit for English Baccalaureate Science Value Added measure for disadvantaged pupils,,,Yes,Yes,Yes
374,SCIVAUPP_NFSM6CLA1A_PTQ_EE,Upper 95% confidence limit for English Baccalaureate Science Value Added measure for non-disadvantaged pupils,,,Yes,Yes,Yes
375,SCIVALOW_NFSM6CLA1A_PTQ_EE,Lower 95% confidence limit for English Baccalaureate Science Value Added measure for non-disadvantaged pupils,,,Yes,Yes,Yes
376,SCIVAUPP_LO_PTQ_EE,Upper 95% confidence limit for English Baccalaureate Science Value Added measure for pupils with low prior attainment,,,Yes,Yes,Yes
377,SCIVALOW_LO_PTQ_EE,Lower 95% confidence limit for English Baccalaureate Science Value Added measure for pupils with low prior attainment,,,Yes,Yes,Yes
378,SCIVAUPP_AV_PTQ_EE,Upper 95% confidence limit for English Baccalaureate Science Value Added measure for pupils with middle prior attainment,,,Yes,Yes,Yes
379,SCIVALOW_AV_PTQ_EE,Lower 95% confidence limit for English Baccalaureate Science Value Added measure for pupils with middle prior attainment,,,Yes,Yes,Yes
380,SCIVAUPP_HI_PTQ_EE,Upper 95% confidence limit for English Baccalaureate Science Value Added measure for pupils with high prior attainment,,,Yes,Yes,Yes
381,SCIVALOW_HI_PTQ_EE,Lower 95% confidence limit for English Baccalaureate Science Value Added measure for pupils with high prior attainment,,,Yes,Yes,Yes
382,HUMVAUPP_FSM6CLA1A_PTQ_EE,Upper 95% confidence limit for English Baccalaureate Humanities Value Added measure for disadvantaged pupils,,,Yes,Yes,Yes
383,HUMVALOW_FSM6CLA1A_PTQ_EE,Lower 95% confidence limit for English Baccalaureate Humanities Value Added measure for disadvantaged pupils,,,Yes,Yes,Yes
384,HUMVAUPP_NFSM6CLA1A_PTQ_EE,Upper 95% confidence limit for English Baccalaureate Humanities Value Added measure for non-disadvantaged pupils,,,Yes,Yes,Yes
385,HUMVALOW_NFSM6CLA1A_PTQ_EE,Lower 95% confidence limit for English Baccalaureate Humanities Value Added measure for non-disadvantaged pupils,,,Yes,Yes,Yes
386,HUMVAUPP_LO_PTQ_EE,Upper 95% confidence limit for English Baccalaureate Humanities Value Added measure for pupils with low prior attainment,,,Yes,Yes,Yes
387,HUMVALOW_LO_PTQ_EE,Lower 95% confidence limit for English Baccalaureate Humanities Value Added measure for pupils with low prior attainment,,,Yes,Yes,Yes
388,HUMVAUPP_AV_PTQ_EE,Upper 95% confidence limit for English Baccalaureate Humanities Value Added measure for pupils with middle prior attainment,,,Yes,Yes,Yes
389,HUMVALOW_AV_PTQ_EE,Lower 95% confidence limit for English Baccalaureate Humanities Value Added measure for pupils with middle prior attainment,,,Yes,Yes,Yes
390,HUMVAUPP_HI_PTQ_EE,Upper 95% confidence limit for English Baccalaureate Humanities Value Added measure for pupils with high prior attainment,,,Yes,Yes,Yes
391,HUMVALOW_HI_PTQ_EE,Lower 95% confidence limit for English Baccalaureate Humanities Value Added measure for pupils with high prior attainment,,,Yes,Yes,Yes
392,LANVAUPP_FSM6CLA1A_PTQ_EE,Upper 95% confidence limit for English Baccalaureate Languages Value Added measure for disadvantaged pupils,,,Yes,Yes,Yes
393,LANVALOW_FSM6CLA1A_PTQ_EE,Lower 95% confidence limit for English Baccalaureate Languages Value Added measure for disadvantaged pupils,,,Yes,Yes,Yes
394,LANVAUPP_NFSM6CLA1A_PTQ_EE,Upper 95% confidence limit for English Baccalaureate Languages Value Added measure for non-disadvantaged pupils,,,Yes,Yes,Yes
395,LANVALOW_NFSM6CLA1A_PTQ_EE,Lower 95% confidence limit for English Baccalaureate Languages Value Added measure for non-disadvantaged pupils,,,Yes,Yes,Yes
396,LANVAUPP_LO_PTQ_EE,Upper 95% confidence limit for English Baccalaureate Languages Value Added measure for pupils with low prior attainment,,,Yes,Yes,Yes
397,LANVALOW_LO_PTQ_EE,Lower 95% confidence limit for English Baccalaureate Languages Value Added measure for pupils with low prior attainment,,,Yes,Yes,Yes
398,LANVAUPP_AV_PTQ_EE,Upper 95% confidence limit for English Baccalaureate Languages Value Added measure for pupils with middle prior attainment,,,Yes,Yes,Yes
399,LANVALOW_AV_PTQ_EE,Lower 95% confidence limit for English Baccalaureate Languages Value Added measure for pupils with middle prior attainment,,,Yes,Yes,Yes
400,LANVAUPP_HI_PTQ_EE,Upper 95% confidence limit for English Baccalaureate Languages Value Added measure for pupils with high prior attainment,,,Yes,Yes,Yes
401,LANVALOW_HI_PTQ_EE,Lower 95% confidence limit for English Baccalaureate Languages Value Added measure for pupils with high prior attainment,,,Yes,Yes,Yes
402,PTEBACC_E_16_PTQ_EE,Percentage of pupils entering all English Baccalaureate subject areas in 2016,,,,,
403,PTEBACC_16_PTQ_EE,Percentage of pupils achieving the English Baccalaureate in 2016,,,,,
404,PTEBACC_E_17_PTQ_EE,% of  pupils entering all English Baccalaureate subject areas in 2017,Yes - see 2018 methodology sheet for methodology change,,,,
405,PTEBACC_94_17,% of KS4 pupils achieving the Ebacc - with standard 9-4 passes in English and maths,Yes - see 2018 methodology sheet for methodology change,,,,
406,PTEBACC_95_17,% of KS4 pupils achieving the Ebacc - with strong 9-5 passes in English and maths,Yes - see 2018 methodology sheet for methodology change,,,,
407,PBEBACC_E_PTQ_EE,Percentage of boys with entries in all English Baccalaureate subject areas,,,,,
408,PBEBACC_94,% of KS4 boys achieving the Ebacc - with 9-4/A*-C passes,Yes - see 2018 methodology sheet for methodology change,,,,
409,PBEBACC_95,% of KS4 boys achieving the Ebacc - with 9-5 passes,Yes - see 2018 methodology sheet for methodology change,,,,
410,PGEBACC_E_PTQ_EE,Percentage of girls with entries in all English Baccalaureate subject areas,,,,,
411,PGEBACC_94,% of KS4 girls achieving the Ebacc - with 9-4/A*-C passes,Yes - see 2018 methodology sheet for methodology change,,,,
412,PGEBACC_95,% of KS4 girls achieving the Ebacc - with 9-5 passes,Yes - see 2018 methodology sheet for methodology change,,,,
413,PTEBACC_ENMOB_PTQ_EE,Percentage of non-mobile pupils with entries in all English Baccalaureate subject areas,,,,Yes,
414,PTEBACCNMOB_94,Percentage of non-mobile pupils achieving the English Baccalaureate with 9-4/A*-C passes,Yes - see 2018 methodology sheet for methodology change,,,Yes,
415,PTEBACCNMOB_95,Percentage of non-mobile pupils achieving the English Baccalaureate with 9-5 passes,Yes - see 2018 methodology sheet for methodology change,,,Yes,
416,PTEBACC_EEAL_PTQ_EE,Percentage of pupils for whom English is an additional language with entries in all English Baccalaureate subject areas,,,,Yes,
417,PTEBACCEAL_94,Percentage of pupils for whom English as an additional language achieving the English Baccalaureate with 9-4/A*-C passes,Yes - see 2018 methodology sheet for methodology change,,,Yes,
418,PTEBACCEAL_95,Percentage of pupils for whom English as an additional language achieving the English Baccalaureate with 9-5 passes,Yes - see 2018 methodology sheet for methodology change,,,Yes,
419,PTEBACC_EFSM6CLA1A_16_PTQ_EE,Percentage of disadvantaged pupils entering all English Baccalaureate subject areas in 2016,,,,Yes,
420,PTEBACC_FSM6CLA1A_16_PTQ_EE,Percentage of disadvantaged pupils achieving the English Baccalaureate in 2016,,,,Yes,
421,PTEBACC_ENFSM6CLA1A_16_PTQ_EE,Percentage of non-disadvantaged pupils entering all English Baccalaureate subject areas in 2016,,,,Yes,
422,PTEBACC_NFSM6CLA1A_16_PTQ_EE,Percentage of non-disadvantaged pupils achieving the English Baccalaureate in 2016,,,,Yes,
423,PTEBACC_EFSM6CLA1A_17_PTQ_EE,% of disadvantaged pupils entering all English Baccalaureate subject areas in 2017,Yes - see 2018 methodology sheet for methodology change,,,Yes,
424,PTEBACC_94_FSM6CLA1A_17_PTQ_EE,% of disadvantaged pupils achieving the English Baccalaureate including 9-4 passes in English and maths in 2017,Yes - see 2018 methodology sheet for methodology change,,,Yes,
425,PTEBACC_95_FSM6CLA1A_17_PTQ_EE,% of disadvantaged pupils achieving the English Baccalaureate including 9-5 passes in English and maths in 2017,Yes - see 2018 methodology sheet for methodology change,,,Yes,
426,PTEBACC_ENFSM6CLA1A_17_PTQ_EE,% of non-disadvantaged pupils entering all English Baccalaureate subject areas in 2017,Yes - see 2018 methodology sheet for methodology change,,,Yes,
427,PTEBACC_94_NFSM6CLA1A_17_PTQ_EE,% of non-disadvantaged pupils achieving the English Baccalaureate including 9-4 passes in English and maths in 2017,Yes - see 2018 methodology sheet for methodology change,,,Yes,
428,PTEBACC_95_NFSM6CLA1A_17_PTQ_EE,% of non-disadvantaged pupils achieving the English Baccalaureate including 9-5 passes in English and maths in 2017,Yes - see 2018 methodology sheet for methodology change,,,Yes,
429,PT5EM_94,% of pupils achieving Level 2 threshold including standard passes 9-4 in both English and Maths GCSEs,Yes - see 2018 methodology sheet for methodology change,,,,
430,AC5EM16_PTQ_EE,% of KS4 pupils achieving Level 2 threshold including English and mathematics - 2016,,,,,
431,PT5EM_94_17,% of pupils achieving Level 2 threshold including standard passes 9-4 in both English and Maths GCSEs in 2017,Yes - see 2017 methodology sheet for methodology change,,,,
432,PT5EM_94_18,% of pupils achieving Level 2 threshold including standard passes 9-4 in both English and Maths GCSEs,Yes - see 2018 methodology sheet for methodology change,,,,
433,PTANYQ_PTQ_EE,Percentage of pupils achieving any qualifications,,,,,
434,PTL2BASICS_16_PTQ_EE,Percentage of pupils achieving grades A*-C in both English and mathematics GCSEs in 2016,,,,,
435,PTL2BASICS_94_17_PTQ_EE,% of pupils achieving 9-4 passes in GCSE English and maths in 2017,Yes - see 2018 methodology sheet for methodology change,,,,
436,PTL2BASICS_95_17_PTQ_EE,% of pupils achieving 9-5 passes in GCSE English and maths in 2017,Yes - see 2018 methodology sheet for methodology change,,,,
437,PTFSM6CLA1ABASICS_94,% of disadvantaged pupils achieving standard 9-4 passes in GCSE English and maths,Yes - see 2017 methodology sheet for methodology change,,,Yes,
438,PTNOTFSM6CLA1ABASICS_94,% of non-disadvantaged pupils achieving standard 9-4 passes in GCSE English and maths,Yes - see 2017 methodology sheet for methodology change,,,Yes,
439,TBASICSLO_94,Number of pupils in low prior attainment band who achieved standard 9-4 passes in English and maths,Yes - see 2017 methodology sheet for methodology change,,,Yes,
440,PTBASICSLO_94,% of pupils in low prior attainment band who achieved standard 9-4 passes in English and maths,Yes - see 2017 methodology sheet for methodology change,,,Yes,
441,TBASICSAV_94,Number of pupils in middle prior attainment band who achieved standard 9-4 passes in English and maths,Yes - see 2017 methodology sheet for methodology change,,,Yes,
442,PTBASICSAV_94,% pupils in middle prior attainment band who achieved standard 9-4 passes in English and maths,Yes - see 2017 methodology sheet for methodology change,,,Yes,
443,TBASICSHI_94,Number of pupils in high prior attainment band who achieved standard 9-4 passes in English and maths,Yes - see 2017 methodology sheet for methodology change,,,Yes,
444,PTBASICSHI_94,% pupils in high prior attainment band who achieved standard 9-4 passes in English and maths,Yes - see 2017 methodology sheet for methodology change,,,Yes,
445,PBL2BASICS_94,% of boys achieving standard 9-4 passes in both English and mathematics GCSEs ,Yes - see 2017 methodology sheet for methodology change,,,,
446,PGL2BASICS_94,% of girls achieving standard 9-4 passes in both English and mathematics GCSEs ,Yes - see 2017 methodology sheet for methodology change,,,,
447,PTL2BASICSEAL_94,% of pupils achieving standard 9-4 passes in both English and mathematics GCSEs and for whom English is an additional language,Yes - see 2017 methodology sheet for methodology change,,,Yes,
448,PTL2BASICSNMOB_94,% of non-mobile pupils achieving standard 9-4 passes in both English and mathematics GCSEs,Yes - see 2017 methodology sheet for methodology change,,,Yes,
449,PTFSM6CLA1ABASICS_95,% of disadvantaged pupils achieving strong 9-5 passes in GCSE English and maths,Yes - see 2017 methodology sheet for methodology change,,,Yes,
450,PTNOTFSM6CLA1ABASICS_95,% of non-disadvantaged pupils achieving strong 9-5 passes in GCSE English and maths,Yes - see 2017 methodology sheet for methodology change,,,Yes,
451,TBASICSLO_95,Number of pupils in low prior attainment band who achieved strong 9-5 passes in English and maths,Yes - see 2017 methodology sheet for methodology change,,,Yes,
452,PTBASICSLO_95,% of pupils in low prior attainment band who achieved strong 9-5 passes in English and maths,Yes - see 2017 methodology sheet for methodology change,,,Yes,
453,TBASICSAV_95,Number of pupils in middle prior attainment band who achieved strong 9-5 passes in English and maths,Yes - see 2017 methodology sheet for methodology change,,,Yes,
454,PTBASICSAV_95,% pupils in middle prior attainment band who achieved strong 9-5 passes in English and maths,Yes - see 2017 methodology sheet for methodology change,,,Yes,
455,TBASICSHI_95,Number of pupils in high prior attainment band who achieved strong 9-5 passes in English and maths,Yes - see 2017 methodology sheet for methodology change,,,Yes,
456,PTBASICSHI_95,% pupils in high prior attainment band who achieved strong 9-5 passes in English and maths,Yes - see 2017 methodology sheet for methodology change,,,Yes,
457,PBL2BASICS_95,% of boys achieving strong 9-5 passes in both English and mathematics GCSEs ,Yes - see 2017 methodology sheet for methodology change,,,,
458,PGL2BASICS_95,% of girls achieving strong 9-5 passes in both English and mathematics GCSEs ,Yes - see 2017 methodology sheet for methodology change,,,,
459,PTL2BASICSEAL_95,% of pupils achieving strong 9-5 passes in both English and mathematics GCSEs and for whom English is an additional language,Yes - see 2017 methodology sheet for methodology change,,,Yes,
460,PTL2BASICSNMOB_95,% of non-mobile pupils achieving strong 9-5 passes in both English and mathematics GCSEs,Yes - see 2017 methodology sheet for methodology change,,,Yes,
461,PTFSM6CLA1ABASICS_16_PTQ_EE,% of disadvantaged pupils achieving A*-C in GCSE English and maths in 2016,Yes - see 2018 methodology sheet for methodology change,,,Yes,
462,PTNOTFSM6CLA1ABASICS_16_PTQ_EE,% of non-disadvantaged pupils achieving A*-C in GCSE English and maths in 2015,Yes - see 2018 methodology sheet for methodology change,,,Yes,
463,PTFSM6CLA1ABASICS_94_17,% of disadvantaged pupils achieving 9-4 passes in GCSE English and maths in 2017,Yes - see 2018 methodology sheet for methodology change,,,,
464,PTFSM6CLA1ABASICS_95_17,% of disadvantaged pupils achieving 9-5 passes in GCSE English and maths in 2017,Yes - see 2018 methodology sheet for methodology change,,,,
465,PTNOTFSM6CLA1ABASICS_94_17,% of non-disadvantaged pupils achieving 9-4 passes in GCSE English and maths in 2017,Yes - see 2018 methodology sheet for methodology change,,,,
466,PTNOTFSM6CLA1ABASICS_95_17,% of non-disadvantaged pupils achieving 9-5 passes in GCSE English and maths in 2017,Yes - see 2018 methodology sheet for methodology change,,,,
467,PTmultiLan_E,Percentage of pupils entering more than one language,,,,,
468,PTtripleSci_E,"Percentage of pupils entering biology, chemistry and physics",,,,,
469,TFSM6CLA1A_16,Number of disadvantaged pupils at the end of key stage 4 in 2016,,,,Yes,
470,PTFSM6CLA1A_16,Percentage of pupils at the end of key stage 4 who were disadvantaged in 2016,,,,Yes,
471,TNOTFSM6CLA1A_16,Number of non-disadvantaged pupils at the end of key stage 4 in 2016,,,,Yes,
472,PTNOTFSM6CLA1A_16,Percentage of pupils at the end of key stage 4 who were not disadvantaged in 2016,,,,Yes,
473,TFSM6CLA1A_17,Number of disadvantaged pupils in 2017,,,,Yes,
474,PTFSM6CLA1A_17,% of pupils who were disadvantaged in 2017,,,,Yes,
475,TNOTFSM6CLA1A_17,Number of non-disadvantaged pupils in 2017,,,,Yes,
476,PTNOTFSM6CLA1A_17,% of pupils who were not disadvantaged in 2017,,,,Yes,
477,TAVENT_E_3NG_PTQ_EE,Average number of GCSE and equivalents entries per pupil,,,,,
478,TAVENT_E_3NG_LO_PTQ_EE,Average number of GCSE and equivalents entries per pupil with low prior attainment,,,,Yes,
479,TAVENT_E_3NG_AV_PTQ_EE,Average number of GCSE and equivalents entries per pupil with middle prior attainment,,,,Yes,
480,TAVENT_E_3NG_HI_PTQ_EE,Average number of GCSE and equivalents entries per pupil with high prior attainment,,,,Yes,
481,TAVENT_E_3NG_FSM6CLA1A_PTQ_EE,Average number of GCSE and equivalents entries per disadvantaged pupil,,,,Yes,
482,TAVENT_E_3NG_NFSM6CLA1A_PTQ_EE,Average number of GCSE and equivalents entries per non-disadvantaged pupil,,,,Yes,
483,TAVENT_EFSM6CLA1A_16_PTQ_EE,Average number of GCSE and equivalents entries per disadvantaged pupil in 2016,,,,Yes,
484,TAVENT_ENFSM6CLA1A_16_PTQ_EE,Average number of GCSE and equivalents entries per non-disadvantaged pupil in 2016,,,,Yes,
485,TAVENT_EFSM6CLA1A_17_PTQ_EE,Average number of KS4 entries per disadvantaged pupil in 2017,,,,Yes,
486,TAVENT_ENFSM6CLA1A_17_PTQ_EE,Average number of KS4 entries per non-disadvantaged pupil in 2017,,,,Yes,
487,TAVENT_G_PTQ_EE,Average number of GCSE entries per pupil,,,,,
488,TAVENT_GLO_PTQ_EE,Average number of GCSE entries per pupil with low prior attainment,,,,Yes,
489,TAVENT_GAV_PTQ_EE,Average number of GCSE entries per pupil with middle prior attainment,,,,Yes,
490,TAVENT_GHI_PTQ_EE,Average number of GCSE entries per pupil with high prior attainment,,,,Yes,
491,TAVENT_GFSM6CLA1A_PTQ_EE,Average number of GCSE entries per disadvantaged pupil,,,,Yes,
492,TAVENT_GNFSM6CLA1A_PTQ_EE,Average number of GCSE entries per non-disadvantaged pupil,,,,Yes,
493,TAVENT_GFSM6CLA1A_16_PTQ_EE,Average number of GCSE entries per disadvantaged pupil in 2016,,,,Yes,
494,TAVENT_GNFSM6CLA1A_16_PTQ_EE,Average number of GCSE entries per non-disadvantaged pupil in 2016,,,,Yes,
495,TAVENT_GFSM6CLA1A_17_PTQ_EE,Average number of GCSE entries per disadvantaged pupil in 2017,,,,Yes,
496,TAVENT_GNFSM6CLA1A_17_PTQ_EE,Average number of GCSE entries per non-disadvantaged pupil in 2017,,,,Yes,
497,P8_BANDING,Progress 8 banding shown on school performance tables website,,,,,
